{"Accels": [1.0097276516386446, 1.011412517408611, 0.9967967438125137], "AccelBias": [-0.004617644249228929, 0.24038497846764742, -0.020835489523254057], "GyroBias": [0.025079370666103006, -0.03180928143102202, 0.012088272640272013], "Mags": [1.0, 1.0, 1.0], "MagBias": [22.569879949001564, 22.359075131238203, -48.66166700625521], "Magtransform": [[0.972129838309903, -0.011542974066665147, 0.03031523289158093], [-0.01154297406666515, 1.0785904699988365, -0.01696305651289084], [0.030315232891580855, -0.016963056512890883, 0.9550383513403112]]}