{"Accels": [1.0, 1.0, 1.0], "AccelBias": [0.0, 0.0, 0.0], "GyroBias": [0.00888843576490589, -0.020605191764217802, 0.10034677788341244], "Mags": [1.0, 1.0, 1.0], "MagBias": [25.745487476766918, 19.798900089838988, -36.31838120921246], "Magtransform": [[0.9644492937141784, 0.004257248619030239, -0.0005792829835714669], [0.004257248619030236, 1.0552411918449394, -0.00891492686420052], [-0.0005792829835714658, -0.008914926864200515, 0.9826752577865452]]}