{"Accels": [1.0, 1.0, 1.0], "AccelBias": [0.0, 0.0, 0.0], "GyroBias": [0.0615279495061036, -0.013840659376843718, 0.04244744073077231], "Mags": [1.0, 1.0, 1.0], "MagBias": [-1.6877695697208888, 10.371889103128321, -4.546566855701153], "Magtransform": [[0.9520591263599147, 0.011471278715114702, -0.01976057710997975], [0.011471278715114702, 1.1490257081321915, -0.07026047717428081], [-0.01976057710997975, -0.07026047717428076, 0.9189144134446096]]}