{"Accels": [0.9819130816263665, 1.0466268383644672, 1.0010200368972915], "AccelBias": [9.807, 9.807, 1.2567891612144046], "GyroBias": [-0.1081180005237107, -0.07802382100507803, -0.052985729965748345], "Mags": [1.0, 1.0, 1.0], "MagBias": [11.327534393693876, 35.8608926118924, -78.65908982503728], "Magtransform": [[1.4552301426895662, 0.16387302716666688, 0.12942375228495054], [0.16387302716666685, 1.1967046852290184, 0.09410385841163152], [0.12942375228495057, 0.09410385841163152, 0.6000960725445655]]}